model,MAE,RMSE,R2
Gradient Boosting,4.216394991329868,5.322884288582752,0.6768510576669813
Random Forest,4.211176238801935,5.324904086115814,0.6766057698735339
Decision Tree,4.297158765612507,5.455077986310816,0.6606009554151644
Linear Regression,5.103364988430916,6.4429801437458,0.5265411118269393
